URL,Outlinks
https://www.taobao.com/,40
https://bk.taobao.com/k/wanghong_598/,80
https://bk.taobao.com/k/taobaonvxie_408/,80
https://bk.taobao.com/k/iphone16_424/,80
https://bk.taobao.com/k/shenian_1192/,80
https://bk.taobao.com/k/taobaokefu_466/,80
https://bk.taobao.com/k/shoujitaobao_430/,80
https://bk.taobao.com/k/pingguodiannao_1481/,79
https://goods.taobao.com/,69
https://bk.taobao.com/k/taobaonvzhuang_404/,80
https://bk.taobao.com/k/,559
https://bk.taobao.com/k/zhibo_599/,80
https://bk.taobao.com/k/list-4.html,559
https://bk.taobao.com/k/newbalance_36/,80
https://bk.taobao.com/k/saucony_71/,80
https://bk.taobao.com/k/lanqiuxie_5/,80
https://bk.taobao.com/k/converse_52/,80
https://bk.taobao.com/k/2025nian_1479/,80
https://bk.taobao.com/k/taobaowangdian_457/,80
https://bk.taobao.com/,80
https://bk.taobao.com/k/shouji_250/,80
https://bk.taobao.com/k/yinxiang_276/,80
https://bk.taobao.com/k/oppo_279/,80
https://bk.taobao.com/k/zhubo_601/,80
https://bk.taobao.com/k/list-3.html,559
https://bk.taobao.com/k/taobaowangye_180/,80
https://bk.taobao.com/k/taobaoshangjia_438/,80
https://pcdetail.taobao.com/,99
https://bk.taobao.com/k/taobaobaobao_454/,80
https://bk.taobao.com/k/adidas_50/,80
https://bk.taobao.com/k/yingernaifen_1188/,80
https://bk.taobao.com/k/diandongche_1460/,80
https://bk.taobao.com/k/yundongxie/,80
https://bk.taobao.com/k/alibaba_51/,80
https://bk.taobao.com/k/xiapu_1490/,80
https://jianghu.taobao.com/topicId/123402,75
https://bk.taobao.com/k/taobaonanzhuang_425/,80
https://bk.taobao.com/k/taobaodianpu_399/,80
https://bk.taobao.com/k/vivo_291,80
https://bk.taobao.com/k/diannao_251/,80
https://bk.taobao.com/k/wanghong_598/68d64a449068bd8ad59e6a32504dd88b.html,77
https://bk.taobao.com/k/babibolang_1818,80
https://bk.taobao.com/k/wanghong_598/2d6ac20087e49b14f5fbfea6a719d4d5.html,77
https://bk.taobao.com/k/laiboni_1817,80
https://bk.taobao.com/k/pinpaipaixingbang_1801,80
https://bk.taobao.com/k/wanghong_598/ad198c7ba8d3f7c5bd60150c9bf4a1a2.html,77
https://bk.taobao.com/k/wanghong_598/1db3e22c3bed7049f9f2c7112c8f07b6.html,77
https://bk.taobao.com/k/wanghong_598/d13722baa5660a81d73497cab3af2c1c.html,77
https://bk.taobao.com/k/wanghong_598/80d162bd639302545376cb6143d31e5a.html,77
https://bk.taobao.com/k/jinjiangjiudian_1816,80
https://bk.taobao.com/k/hailanzhimi_1823,80
https://bk.taobao.com/k/wanghong_598/bc39a7969307298543814bd32422c5c2.html,77
https://bk.taobao.com/k/sijijiudian_1822,80
https://bk.taobao.com/k/wanghong_598/5fb70dabde1e56bd4918dd82205e1f5c.html,77
https://bk.taobao.com/k/sauvage_1805,80
https://bk.taobao.com/k/yulanyou_1829,80
https://bk.taobao.com/k/wanghong_598/dafb4309139c67a85fe1c88438c00ea3.html,77
https://bk.taobao.com/k/wanghong_598/78712d643fa2f5870b13584b72b3fe28.html,77
https://bk.taobao.com/k/faerman_1821,80
https://bk.taobao.com/k/wanghong_598/beb37831b4ac97c46caee8ede01fad6f.html,77
https://bk.taobao.com/k/wanghong_598/48132d021d74e01c6ebf2eac0eda888f.html,77
https://bk.taobao.com/k/wanghong_598/a3ad4b31c8590bae1666a1afbd0e5166.html,77
https://bk.taobao.com/k/cainiao_1806,80
https://bk.taobao.com/k/shoujiqiao_1807,80
https://bk.taobao.com/k/wanghong_598/list-5.html,81
https://bk.taobao.com/k/wanghong_598/a2215c51dc63f51debf1d17f71d914ee.html,77
https://bk.taobao.com/k/wanghong_598/a3e9637e95f2c95282955785b2d50e8e.html,77
https://bk.taobao.com/k/wanghong_598/ba8df0dbf3ea8ed771ad0107f0a677c7.html,77
https://bk.taobao.com/k/zhicunxiu_1819,80
https://bk.taobao.com/k/wanghong_598/ca2fb78a06d8067bf2e5392858905ef9.html,77
https://bk.taobao.com/k/wanghong_598/8a0f17cfb3050d1fe5349085f939e322.html,77
https://bk.taobao.com/k/wanghong_598/27f997adbe3e61f3f1a9b96a4bd6183c.html,77
https://bk.taobao.com/k/wanghong_598/list-3.html,80
https://bk.taobao.com/k/xisili_1820,60
https://bk.taobao.com/k/shuimima_1826,80
https://bk.taobao.com/k/wanghong_598/c9c2e65e57f59cad1ccc7ecdac08e4a6.html,77
https://bk.taobao.com/k/wanghong_598/list-2.html,80
https://bk.taobao.com/k/wanghong_598/list-4.html,81
https://bk.taobao.com/k/wanghong_598/0045c1f3757ec301139fdc7a75c2ffa8.html,77
https://bk.taobao.com/k/wanghong_598/ec1f0f7575e4bfd5e0449f35f24b71cd.html,77
https://bk.taobao.com/k/wanghong_598/a3f40f5b383e1dcca913b53a3ca1207b.html,77
https://bk.taobao.com/k/wanghong_598/0e4f65d29049dec1da5acb148a3b4156.html,76
https://bk.taobao.com/k/wanghong_598/a0928dd1c994523cb07f5c9e533adf11.html,77
https://bk.taobao.com/k/wanghong_598/e51f6106d55523b94da5291a58e3f710.html,77
https://bk.taobao.com/k/wanghong_598/8fefe04d172ceea99f11f3e1d8d10a41.html,77
https://bk.taobao.com/k/wanghong_598/list-1.html,80
https://bk.taobao.com/k/jinliufu_1802,80
https://bk.taobao.com/k/baijiupinpai_1804,80
https://bk.taobao.com/k/wanghong_598/6915e20ffff29c6525a037c5bf9bf007.html,77
https://bk.taobao.com/k/wanghong_598/88bc4227ad304a843795ee536a6a6148.html,77
https://bk.taobao.com/k/yumeijing_1831,80
https://bk.taobao.com/k/lankou_1812,80
https://bk.taobao.com/k/wanghong_598/list-100.html,80
https://bk.taobao.com/k/jifuzhiyao_1811,80
https://www.taobao.com,40
https://bk.taobao.com/k/niuxizhimi_1814,80
https://bk.taobao.com/k/zhoujijiudian_1830,80
https://bk.taobao.com/k/wanghong_598,80
https://bk.taobao.com/k/elema_1803,80
https://bk.taobao.com/k/xilaidengjiudian_1809,80
https://bk.taobao.com/k/wanghong_598/060e4d580868e8d6b421d01a8a48ebd8.html,77
https://bk.taobao.com/k/zhenwo_1808,80
https://bk.taobao.com/k/wanghong_598/a9b266f7040d557cda3d58396540a4f7.html,77
https://bk.taobao.com/k/wanghong_598/746a1838adbac24ae63290d70b4f3a03.html,77
https://bk.taobao.com/k/lifengjiudian_1828,80
https://bk.taobao.com/k/wanghong_598/86418c341c4ef294ca7809d70b3b05b7.html,77
https://bk.taobao.com/k/wanghong_598/baaee3282b574b0a499f1cc739366361.html,77
https://bk.taobao.com/k/daike_1825,80
https://bk.taobao.com/k/wanghong_598/a7f56ff616ed40328863f0287cdce06f.html,77
https://bk.taobao.com/k/wanghong_598/2f6543bed5402d3ea266982d9137aced.html,77
https://bk.taobao.com/k/zishengtang_1827,80
https://bk.taobao.com/k/laiponi_1813,80
https://bk.taobao.com/k/wanghong_598/a21edf2a07cb76dc661ef5e8070f6a9a.html,0
https://bk.taobao.com/k/wanghong_598/539a1cd2d25c507e33fdd5b72b7784be.html,77
https://bk.taobao.com/k/kazilan_1824,80
https://bk.taobao.com/k/wanghong_598/ddd45975eceaf3d2e2f00d806a7bb76f.html,77
https://bk.taobao.com/k/wanghong_598/768047606d02e46937ce2dee874a90df.html,77
https://bk.taobao.com/k/jiezijiudian_1810,80
https://bk.taobao.com/k/wanxinjiudian_1815,80
https://bk.taobao.com/k/taobaonvxie_408/cced1311f4375d4280c1b1c2e4da3711.html,77
https://bk.taobao.com/k/lining_49,80
https://bk.taobao.com/k/taobaonvxie_408/5234e25766a8ec634e19e5c591c54bfb.html,77
https://bk.taobao.com/k/taobaonvxie_408/68ab7db0f14740e249863a0be2c42e15.html,77
https://bk.taobao.com/k/taobaonvxie_408/88e390eeb7aac5c5d4491e8f45ec5114.html,77
https://bk.taobao.com/k/taobaonvxie_408/8a24f058a5df6bfa7049aaf57e6dc49e.html,77
https://bk.taobao.com/k/taobaonvxie_408/2eee51ce853d2a5aa8a4d98407e5aa21.html,77
https://bk.taobao.com/k/taobaonvxie_408/3099add565705534e6743631204187a2.html,77
https://bk.taobao.com/k/taobaonvxie_408/7c1d74a579284cf10905bab1e3c78d6c.html,77
https://bk.taobao.com/k/taobaonvxie_408/6ccad69111b9a27f2b454ed17bb0af6e.html,77
https://bk.taobao.com/k/kongdiao_54,80
https://bk.taobao.com/k/taobaonvxie_408/a5181868967690ee3f9aaefe7a72fab9.html,77
https://bk.taobao.com/k/taobaonvxie_408/c9b7af60b302b3d6a8cdb25cfada602c.html,77
https://bk.taobao.com/k/taobaonvxie_408/21ec955581345651b47e0f52cebe5114.html,77
https://bk.taobao.com/k/fengshan_43,80
https://bk.taobao.com/k/taobaonvxie_408/e83d5936e017e6420266e120fe84d5a9.html,77
https://bk.taobao.com/k/eleme_58,80
https://bk.taobao.com/k/taobaonvxie_408/b9eb169a790fa0d685d0dd8f1587df4d.html,77
https://bk.taobao.com/k/converse_52,80
https://bk.taobao.com/k/xiaopeng_42,80
https://bk.taobao.com/k/youyanji_48,80
https://bk.taobao.com/k/suboer_35,80
https://bk.taobao.com/k/mianmo_55,80
https://bk.taobao.com/k/taobaonvxie_408/950d5186398930a3ea95080a2b61e348.html,77
https://bk.taobao.com/k/taobaonvxie_408/list-5.html,81
https://bk.taobao.com/k/taobaonvxie_408/05cc47b9bc07e46365c404c1bc40edac.html,77
https://bk.taobao.com/k/newbalance_36,80
https://bk.taobao.com/k/meide_56,80
https://bk.taobao.com/k/tebu_53,80
https://bk.taobao.com/k/taobaonvxie_408/list-4.html,81
https://bk.taobao.com/k/adidas_50,80
https://bk.taobao.com/k/siyu_45,80
https://bk.taobao.com/k/taobaonvxie_408/11e496256fc6148ad27bbb49bcbe370c.html,77
https://bk.taobao.com/k/taobaonvxie_408/dc3037566a7fb05fd8f91befb9e3d442.html,77
https://bk.taobao.com/k/taobaonvxie_408/50a3bd77af2bb30b1c8ace96b37915bb.html,77
https://bk.taobao.com/k/nvzhuang_47,80
https://bk.taobao.com/k/taobaonvxie_408/584e8f24389ec5a829aa838bfc2cad71.html,77
https://bk.taobao.com/k/taobaonvxie_408/9aea87fc2b5e5be4cb50a57b2cd751e4.html,77
https://bk.taobao.com/k/taobaonvxie_408/a93e9fed10c2a8bc88d7104ddbce3046.html,77
https://bk.taobao.com/k/taobaonvxie_408/dbbc297a60c2ba57da91eba4833c9b5f.html,77
https://bk.taobao.com/k/jike_60,80
https://bk.taobao.com/k/alibaba_51,80
https://bk.taobao.com/k/taobaonvxie_408/c8345169204a1df314b6876e65e5cb6d.html,77
https://bk.taobao.com/k/yundongxie_61,80
https://bk.taobao.com/k/taobaonvxie_408,80
https://bk.taobao.com/k/taobaonvxie_408/5e2fd8df60d98b627dba276790164a3e.html,77
https://bk.taobao.com/k/taobaonvxie_408/list-1.html,80
https://bk.taobao.com/k/fengtian_31,80
https://bk.taobao.com/k/lantu_59,80
https://bk.taobao.com/k/xiyiji_40,80
https://bk.taobao.com/k/gelanshi_44,80
https://bk.taobao.com/k/taobaonvxie_408/7f15fa14e435511cb7c580daa7877b1a.html,77
https://bk.taobao.com/k/taobaonvxie_408/list-3.html,80
https://bk.taobao.com/k/qita_32,80
https://bk.taobao.com/k/taobaonvxie_408/b106f47ff5386a25382ce84f8913258d.html,77
https://bk.taobao.com/k/kaluola_37,80
https://bk.taobao.com/k/taobaonvxie_408/16a9b96da9b973df0bb260f4da440e8a.html,77
https://bk.taobao.com/k/taobaonvxie_408/1fddcd7941ec06be6da6201b60a9aee7.html,77
https://bk.taobao.com/k/tesila_41,80
https://bk.taobao.com/k/taobaonvxie_408/c7bd24dc976e46bb75ef78081a385a84.html,77
https://bk.taobao.com/k/taobaonvxie_408/70bbbafa1b48f88a1f6b317b92dc3b44.html,77
https://bk.taobao.com/k/taobaonvxie_408/7d6312ce9bc4d2eba6f5c005f90a59f4.html,77
https://bk.taobao.com/k/taobaonvxie_408/4af27c4329467065d236c94aea1a4f27.html,77
https://bk.taobao.com/k/hushoushuang_57,80
https://bk.taobao.com/k/haier_33,80
https://bk.taobao.com/k/taobaonvxie_408/list-2.html,80
https://bk.taobao.com/k/taobaonvxie_408/20f01ec2fff1acb3dc6503dca4a56c33.html,77
https://bk.taobao.com/k/yandai_34,80
https://bk.taobao.com/k/yurongfu_46,80
https://bk.taobao.com/k/taobaonvxie_408/list-100.html,80
https://bk.taobao.com/k/taobaonvxie_408/b7ad3b5f63c44b42e62d42622884aea0.html,77
https://bk.taobao.com/k/taobaonvxie_408/170687cd55a57f6518e1742867726f91.html,77
https://bk.taobao.com/k/taobaonvxie_408/9bbfaca3031128c040df18734fbef0c6.html,77
https://bk.taobao.com/k/taobaonvxie_408/79c32a817e67dd377cd73b21f49839e5.html,77
https://bk.taobao.com/k/wenjie_39,80
https://bk.taobao.com/k/taobaonvxie_408/4cd928224c5512e1686229fcb4ed6627.html,77
https://bk.taobao.com/k/taobaonvxie_408/9559f73a04687ad9f0742af58bac6ffd.html,77
https://bk.taobao.com/k/shuangshiyi_38,80
https://bk.taobao.com/k/oulashandianmao_1274,80
https://bk.taobao.com/k/iphone16_424/list-3.html,80
https://bk.taobao.com/k/iphone16_424/85f021b62fbfe8b4399cb81fd4e54c96.html,77
https://bk.taobao.com/k/yangbanggu_1269,80
https://bk.taobao.com/k/zhuyoutang_1275,80
https://bk.taobao.com/k/iphone16_424/41dcd82953c996f2e4be6f731820e73e.html,77
https://bk.taobao.com/k/iphone16_424/d0482657d2153383e229a07403b311e6.html,77
https://bk.taobao.com/k/iphone16_424/3b4c246d16da0fadc9e8f1778b995ea2.html,77
https://bk.taobao.com/k/iphone16_424/6a02dd5859cdf9e28edc4af4904f59e9.html,77
https://bk.taobao.com/k/iphone16_424/list-2.html,80
https://bk.taobao.com/k/iphone16_424/58ba04200375b1e44cff8c662817f374.html,77
https://bk.taobao.com/k/kugua_1261,80
https://bk.taobao.com/k/tongku_1267,80
https://bk.taobao.com/k/iphone16_424/4633d54aaa090b40eeeac6051dd79bf3.html,77
https://bk.taobao.com/k/iphone16_424/90b2252496af75fcb8d694480dcae7b7.html,77
https://bk.taobao.com/k/iphone16_424/336bb430e0880d2c7294c6ce19f0e214.html,77
https://bk.taobao.com/k/iphone16_424/65c19d8fc894c9a6dec96430af996e7c.html,77
https://bk.taobao.com/k/yucha_1279,80
https://bk.taobao.com/k/iphone16_424/e78f96139f4ce332390cb24beda5f51d.html,77
https://bk.taobao.com/k/iphone16_424/cd3d20b2f4233e02cc5abf57e3ece7d1.html,77
https://bk.taobao.com/k/iphone16_424/list-100.html,60
https://bk.taobao.com/k/laonongtang_1263,80
https://bk.taobao.com/k/duojiaoyu_1264,80
https://bk.taobao.com/k/iphone16_424/96662b8f7ef88c9995073cb052f76973.html,77
https://bk.taobao.com/k/iphone16_424/2d21df8572e54ff406012820dfe2da9a.html,77
https://bk.taobao.com/k/yuju_1273,80
https://bk.taobao.com/k/iphone16_424/7a407fc2a1b5664d7a7ccc31c2c33b59.html,77
https://bk.taobao.com/k/xibiqi_1289,80
https://bk.taobao.com/k/iphone16_424/c3ee15a307f89862dec10de9bbc6edd6.html,77
https://bk.taobao.com/k/huanqiuyingcheng_1271,80
https://bk.taobao.com/k/jinzhuozi_1285,80
https://bk.taobao.com/k/beigua_1266,80
https://bk.taobao.com/k/iphone16_424/a5b4adc76d2231be5ee828eeffead977.html,77
https://bk.taobao.com/k/qiaomi_1280,80
https://bk.taobao.com/k/tuomaoyi_1287,80
https://bk.taobao.com/k/daweicheng_1286,80
https://bk.taobao.com/k/iphone16_424/ab3957fdeee5e7d576030951bac78ff9.html,77
https://bk.taobao.com/k/iphone16_424/e2ab21d6f7bbd9d205d1b761dff4fc35.html,77
https://bk.taobao.com/k/iphone16_424/da4b9d2b24a1dd77ba001ab751c06507.html,77
https://bk.taobao.com/k/iphone16_424/796306c085b0112b632fc60758c54193.html,77
https://bk.taobao.com/k/iphone16_424/e69b9267cfe0f25c16b17d5c0bfd655c.html,77
https://bk.taobao.com/k/zhutileyuan_1284,80
https://bk.taobao.com/k/dulongyu_1262,80
https://bk.taobao.com/k/iphone16_424/list-4.html,81
https://bk.taobao.com/k/huashengjiangbinggan_1282,80
https://bk.taobao.com/k/xingguo_1278,80
https://bk.taobao.com/k/juliangbaiying_1291,80
https://bk.taobao.com/k/iphone16_424/a0100d07160e2b3abf5d407fda84598c.html,77
https://bk.taobao.com/k/hualaishi_1288,80
https://bk.taobao.com/k/iphone16_424/0ea8098362aa5f0672dd19c4a2631d62.html,77
https://bk.taobao.com/k/boruimei_1268,80
https://bk.taobao.com/k/iphone16_424/list-5.html,81
https://bk.taobao.com/k/iphone16_424/d5f13458974d621fa71dc286b737d711.html,77
https://bk.taobao.com/k/shuizhurou_1276,80
https://bk.taobao.com/k/iphone16_424/c5ab266481ed856e1eb16bc0bce06561.html,77
https://bk.taobao.com/k/iphone16_424/c7cc5974e8c90b1c5b78f8414716f05a.html,77
https://bk.taobao.com/k/iphone16_424/d12dab34bfef5c732fe2789811dbf6be.html,77
https://bk.taobao.com/k/iphone16_424/ea6c5da2b9ec1eafbf0e9c644972eb00.html,77
https://bk.taobao.com/k/moom_1277,80
https://bk.taobao.com/k/jiayongzhiyangji_1281,80
https://bk.taobao.com/k/iphone16_424/17607e2cdc6695be87da35f6577ddd53.html,77
https://bk.taobao.com/k/iphone16_424/3b80937ec2dac9953a2479f7807aae2e.html,76
https://bk.taobao.com/k/iphone16_424/ac388782eed814be107095b90532f41d.html,77
https://bk.taobao.com/k/iphone16_424/9e38f706408bdfc6cf7cf176f51b3711.html,77
https://bk.taobao.com/k/iphone16_424/b9bd807dac882889ff3b54f58984c37d.html,77
https://bk.taobao.com/k/sandouyin_1272,80
https://bk.taobao.com/k/iphone16_424/3389ad9cff994a1e337fcfff13c39883.html,77
https://bk.taobao.com/k/iphone16_424/3e96dff6954975cf49f94c0f9e69bede.html,77
https://bk.taobao.com/k/yuanhongzao_1290,80
https://bk.taobao.com/k/iphone16_424/b3311536a2272ba2b3401dfe273cef0f.html,77
https://bk.taobao.com/k/fangchouwa_1265,80
https://bk.taobao.com/k/xiaomijiao_1283,80
https://bk.taobao.com/k/iphone16_424/73be80d3c35dddbb82a46008bda01578.html,77
https://bk.taobao.com/k/iphone16_424,80
https://bk.taobao.com/k/iphone16_424/list-1.html,80
https://bk.taobao.com/k/saihonggao_1270,80
https://bk.taobao.com/k/iphone16_424/21a38b6e8ab347188823d223b8b43640.html,77
https://bk.taobao.com/k/iphone16_424/20cea969ad6945643561cb1d3268bd43.html,77
https://bk.taobao.com/k/meijia_819,79
https://bk.taobao.com/k/huangheban_833,80
https://bk.taobao.com/k/saihong_831,80
https://bk.taobao.com/k/shenian_1192/da72efaabde3d816445cef4fd7d53c12.html,77
https://bk.taobao.com/k/shenian_1192/27a93932e31af34f75acc8e339f5fcc9.html,77
https://bk.taobao.com/k/zhijiayou_825,80
https://bk.taobao.com/k/baoshi_814,80
https://bk.taobao.com/k/shenian_1192/002ee2fe3ed6c8271ba1c0e49de35c73.html,77
https://bk.taobao.com/k/shenian_1192/7d9f44ec31a8a74c27de94250b134f76.html,77
https://bk.taobao.com/k/shenian_1192/0dacc6b589d19b0fb63b29aa09be5835.html,77
https://bk.taobao.com/k/shenian_1192/83aaf1fd903bbce4296637bd5b0b842b.html,77
https://bk.taobao.com/k/shenian_1192/77bd667b0f4248bd3540964803e0648f.html,77
https://bk.taobao.com/k/shenian_1192/19f672e55503799aa234a33eb483e776.html,77
https://bk.taobao.com/k/chunyou_839,80
https://bk.taobao.com/k/shoulian_823,80
https://bk.taobao.com/k/shenian_1192/ced77f6155e5ba1de6661deeabb752bb.html,77
https://bk.taobao.com/k/yanxian_817,80
https://bk.taobao.com/k/shenian_1192/list-5.html,81
https://bk.taobao.com/k/shenian_1192/832960c2583aab9df27773a860732571.html,77
https://bk.taobao.com/k/shentiru_826,80
https://bk.taobao.com/k/timei_840,80
https://bk.taobao.com/k/runshou_811,80
https://bk.taobao.com/k/shenian_1192,80
https://bk.taobao.com/k/shenian_1192/a67fa450516bb36873ca971c12508502.html,77
https://bk.taobao.com/k/caizhuang_832,80
https://bk.taobao.com/k/shenian_1192/7dc882c6d6b3338f7883ea479b8170c7.html,77
https://bk.taobao.com/k/xishouye_827,80
https://bk.taobao.com/k/faru_834,80
https://bk.taobao.com/k/shenian_1192/334372a18b6b0b928010ad2518d8005a.html,77
https://bk.taobao.com/k/gelishuang_835,80
https://bk.taobao.com/k/shenian_1192/ba7efe01aa83e837a371858430e21a9f.html,77
https://bk.taobao.com/k/maokongcuda_821,80
https://bk.taobao.com/k/shenian_1192/b8ca56bdf3cb81b7e3fbc00c4bc17f09.html,77
https://bk.taobao.com/k/shenian_1192/07c8e19b069f8b4ba53bd1c18b5ecb60.html,77
https://bk.taobao.com/k/hufa_841,80
https://bk.taobao.com/k/shenian_1192/9c0838497da7ca40a1e67a2c5b7e5368.html,77
https://bk.taobao.com/k/shenian_1192/d7e034d21993dda8234070adf893213e.html,77
https://bk.taobao.com/k/meizhuang_816,80
https://bk.taobao.com/k/shenian_1192/c5ee69faba8dd8a0c9fb160fc1778cf5.html,77
https://bk.taobao.com/k/falingwen_828,80
https://bk.taobao.com/k/xiangzao_837,60
https://bk.taobao.com/k/qiemei_815,80
https://bk.taobao.com/k/shenian_1192/466d0133587bd992042687e2b24df62a.html,77
https://bk.taobao.com/k/shenian_1192/e90a3b7bfe21ad40fa13561e7ee60383.html,77
https://bk.taobao.com/k/feipang_812,79
https://bk.taobao.com/k/laonianban_824,80
https://bk.taobao.com/k/shenian_1192/f10593556a254366c4d8294a867b358b.html,77
https://bk.taobao.com/k/shenian_1192/9a4038cb09cf6cbdc1655e0ffc77d6ce.html,77
https://bk.taobao.com/k/toupixie_820,80
https://bk.taobao.com/k/shenian_1192/d8a31e4058c6cfe536abc15aa724c35c.html,77
https://bk.taobao.com/k/pifucucao_838,80
https://bk.taobao.com/k/shenian_1192/32251c9806915d4b7aaf1d87e8e6b092.html,77
https://bk.taobao.com/k/shenian_1192/0f0f76942d517cdd14e02c4cc72fadf0.html,77
https://bk.taobao.com/k/huazhuang_818,80
https://bk.taobao.com/k/shenian_1192/718cfb343963dbaf61e7c211fe12bfbb.html,77
https://bk.taobao.com/k/shenian_1192/e7e31fb508ec2e060e8d9c3a23cfbbb3.html,77
https://bk.taobao.com/k/ruye_830,80
https://bk.taobao.com/k/tuofa_829,80
https://bk.taobao.com/k/huchou_813,80
https://bk.taobao.com/k/shenian_1192/list-100.html,80
https://bk.taobao.com/k/shenian_1192/79d97f56c4766d8f1437c562c8340059.html,77
https://bk.taobao.com/k/yanshuang_836,80
https://bk.taobao.com/k/shenian_1192/969bf4b42dcf7d713edd81c11025ec0a.html,77
https://bk.taobao.com/k/shenian_1192/list-2.html,80
https://bk.taobao.com/k/shenian_1192/06ed625e899e980942a6ed92c0605eb9.html,77
https://bk.taobao.com/k/shenian_1192/7d40cebf6a511492835d0a4d077f29d0.html,77
https://bk.taobao.com/k/shenian_1192/d7859d45df67a2db3851a98a01d57c25.html,77
https://bk.taobao.com/k/shenian_1192/bea0f235fe96d0162f6fc4a4ede1ccab.html,77
https://bk.taobao.com/k/shenian_1192/e3faf06d7114580d6c08bb284d983d7f.html,77
https://bk.taobao.com/k/shenian_1192/list-1.html,80
https://bk.taobao.com/k/shenian_1192/a5b23111db328540b8fcd8ca8340d9af.html,77
https://bk.taobao.com/k/shenian_1192/ae11285fe9385755ac242f39ac60b6bc.html,77
https://bk.taobao.com/k/xiangshui_822,80
https://bk.taobao.com/k/shenian_1192/list-4.html,81
https://bk.taobao.com/k/shenian_1192/af4c920e2024d768c6d952541c98f661.html,77
https://bk.taobao.com/k/shenian_1192/list-3.html,80
https://bk.taobao.com/k/shenian_1192/d7e3b204d23c7f2039d6868f6a189639.html,77
https://bk.taobao.com/k/shenian_1192/094e62834baf7e9a5691443d335f225e.html,77
https://bk.taobao.com/k/taobaokefu_466/list-1.html,80
https://bk.taobao.com/k/taobaokefu_466/76e19780cf004cb19750773192266e40.html,77
https://bk.taobao.com/k/taobaokefu_466/f33f5c9381c81c9dd3bace5a493fd11f.html,77
https://bk.taobao.com/k/piyekafei_891,80
https://bk.taobao.com/k/taobaokefu_466/59d3cf0419d35f910ca5a3431b2a91f2.html,77
https://bk.taobao.com/k/taobaokefu_466/3a58e2c4a5de898a0469391a8295c3e3.html,77
https://bk.taobao.com/k/yili_898,80
https://bk.taobao.com/k/taobaokefu_466/list-5.html,81
https://bk.taobao.com/k/heikafei_874,80
https://bk.taobao.com/k/puercha_871,80
https://bk.taobao.com/k/xingbake_884,80
https://bk.taobao.com/k/taobaokefu_466/8f39bc6e03e1e5c912278ce13d3bf789.html,77
https://bk.taobao.com/k/qingcha_882,80
https://bk.taobao.com/k/taobaokefu_466/8136100e92f1259dd7fc5459ff340d11.html,77
https://bk.taobao.com/k/taobaokefu_466/2bc097bd2e27c630c70eb65f928f80fe.html,77
https://bk.taobao.com/k/taobaokefu_466/list-4.html,81
https://bk.taobao.com/k/taobaokefu_466/list-2.html,80
https://bk.taobao.com/k/taobaokefu_466/20dce87f6694bacacb1ed60daed054ea.html,77
https://bk.taobao.com/k/taobaokefu_466/list-100.html,60
https://bk.taobao.com/k/fucha_873,80
https://bk.taobao.com/k/taobaokefu_466/list-3.html,80
https://bk.taobao.com/k/taobaokefu_466/7c75a742cc8c869ec6b8638563a02796.html,77
https://bk.taobao.com/k/taobaokefu_466/e3aba1a19307137176ebfd6a2c9a3aca.html,77
https://bk.taobao.com/k/natie_893,80
https://bk.taobao.com/k/taobaokefu_466/435bdeb864907fae64b6e3daf3124044.html,77
https://bk.taobao.com/k/dilvkafei_900,80
https://bk.taobao.com/k/taobaokefu_466/6692deb2670692438e69e5dd07b4fda3.html,77
https://bk.taobao.com/k/taobaokefu_466/715a28011eb0ecc54b17869d5c37511c.html,77
https://bk.taobao.com/k/taobaokefu_466/76ab57cc0ec25a2ae0e54908c3b9de39.html,77
https://bk.taobao.com/k/taobaokefu_466/0723b89d771996af268235bb4a8fa0a0.html,77
https://bk.taobao.com/k/taobaokefu_466/3208bdacff1daafbe686e765a9482a4b.html,77
https://bk.taobao.com/k/lawasakafei_881,80
https://bk.taobao.com/k/dahongpao_897,80
https://bk.taobao.com/k/gaoshancha_880,80
https://bk.taobao.com/k/taobaokefu_466/891bfd812b8202b9b31e55182335f2e0.html,77
https://bk.taobao.com/k/meiguihuacha_872,80
https://bk.taobao.com/k/meisujiaer_879,80
https://bk.taobao.com/k/guocha_888,80
https://bk.taobao.com/k/taobaokefu_466/65e1a75f363ba1dc20d01fbbf08fbea8.html,77
https://bk.taobao.com/k/taobaokefu_466/0bb26e706c66e53baf28c440ee74e7e3.html,76
https://bk.taobao.com/k/xibaonaifen_877,80
https://bk.taobao.com/k/taobaokefu_466/ca5acd8128d9e13b27615d8e0fd9b92a.html,77
https://bk.taobao.com/k/taobaokefu_466/a3dbcab449df6e20213b77852f245808.html,77
https://bk.taobao.com/k/taiwancha_889,80
https://bk.taobao.com/k/baicha_899,80
https://bk.taobao.com/k/suannai_901,80
https://bk.taobao.com/k/taobaokefu_466/5e4ba725f1a980b8d2e9e71047dbe679.html,77
https://bk.taobao.com/k/junshanyinzhen_894,80
https://bk.taobao.com/k/jiabeiaite_896,80
https://bk.taobao.com/k/huacha_883,80
https://bk.taobao.com/k/fenghuangdanzong_876,80
https://bk.taobao.com/k/taobaokefu_466/e498fc012107a339c54ca50da4f711bb.html,77
https://bk.taobao.com/k/taobaokefu_466/0c49d1e735b825a0a512eb15280d68cc.html,77
https://bk.taobao.com/k/taobaokefu_466/9f2fa1424020bdc898f6a3d9a98fc1bc.html,77
https://bk.taobao.com/k/wenshanbaozhong_878,80
https://bk.taobao.com/k/taobaokefu_466/93005dfd00fcda9470caf9d2ed7fbd33.html,77
https://bk.taobao.com/k/taobaokefu_466/6ae345fedd7464c28b198b275630084f.html,77
https://bk.taobao.com/k/taobaokefu_466/b99bd3d6d473dbf416596731dbb5ffad.html,77
https://bk.taobao.com/k/mengdinghuangya_892,80
https://bk.taobao.com/k/taobaokefu_466/2043a7bec1e7358e7975f0e968c14b3b.html,77
https://bk.taobao.com/k/hushangayi_895,60
https://bk.taobao.com/k/dongdingwulong_890,80
https://bk.taobao.com/k/taobaokefu_466/facd6d03bb69b605104e49b900e576dc.html,77
https://bk.taobao.com/k/taobaokefu_466/0fc835385b8210d656b7b635b32d113a.html,77
https://bk.taobao.com/k/taobaokefu_466/a9de3cd5322396a7e2fef9a93f4bdc70.html,77
https://bk.taobao.com/k/taobaokefu_466/251193754c706c8ed00f98c18591f72e.html,77
https://bk.taobao.com/k/taobaokefu_466/96e0a534710b6aa28e96514eb05e4c9f.html,77
https://bk.taobao.com/k/xinyangmaojian_887,80
https://bk.taobao.com/k/taobaokefu_466/9a3a6a3a13e2ee4b54af32b0c3628589.html,77
https://bk.taobao.com/k/daneng_886,80
https://bk.taobao.com/k/taobaokefu_466/2233899001b5b056900f95c164ab62fd.html,76
https://bk.taobao.com/k/taobaokefu_466/c214e0da8c74fcdcd18749fe9656b1b2.html,77
https://bk.taobao.com/k/taobaokefu_466/605e90efe12c1b56ebc977bc1631e3e0.html,77
https://bk.taobao.com/k/taobaokefu_466/16782819e4194bca24165f315137ac0c.html,77
https://bk.taobao.com/k/huangshanmaofeng_875,80
https://bk.taobao.com/k/taobaokefu_466/0e2aea2fbd0c2a1a3f07abe77833334f.html,77
https://bk.taobao.com/k/taobaokefu_466,80
https://bk.taobao.com/k/anjianaifen_885,80
https://bk.taobao.com/k/shoujitaobao_430/b86070869fb79a22ff69c66c7c06a3b9.html,77
https://bk.taobao.com/k/shoujitaobao_430/1c25a1185eb76b8bb4786ff697b17481.html,77
https://bk.taobao.com/k/shoujitaobao_430/dd0b92a92ebf0424e104937d8126380b.html,77
https://bk.taobao.com/k/shoujitaobao_430/6a1f416560523e32b332469889408f49.html,77
https://bk.taobao.com/k/shoujitaobao_430/a5f7a3eca5e48c9b4c4d45c1310019f2.html,77
https://bk.taobao.com/k/shoujitaobao_430/list-100.html,60
https://bk.taobao.com/k/shoujitaobao_430/8fd790e180236048776c6c3f95d974c2.html,77
https://bk.taobao.com/k/shoujitaobao_430/f219750e69e2f5342fab900d83f2c012.html,77
https://bk.taobao.com/k/pingguodiannao_1481,79
https://bk.taobao.com/k/shoujitaobao_430/e682d210abeda548fdb5600e84d79105.html,77
https://bk.taobao.com/k/leishenjiasuqi_1491,79
https://bk.taobao.com/k/kaidianbao_1482,80
https://bk.taobao.com/k/shoujitaobao_430/302d857977eab81641b882ef5c14f6fd.html,77
https://bk.taobao.com/k/shoujitaobao_430/274442960ae9c0cbe9df5e6a3ea2c8ae.html,77
https://bk.taobao.com/k/deli_1492,80
https://bk.taobao.com/k/shoujitaobao_430/1992f43261009ed9d4d59ebc8f2e70d9.html,77
https://bk.taobao.com/k/chuguangjiyou_1476,80
https://bk.taobao.com/k/yipai007_1472,80
https://bk.taobao.com/k/shoujitaobao_430/e00156a948559404484fb2fb52d1034e.html,77
https://bk.taobao.com/k/shoujitaobao_430/f80cd3382c5b7cca9308c07edb75124e.html,77
https://bk.taobao.com/k/sanxingzhinengjiezhi_1480,59
https://bk.taobao.com/k/shoujitaobao_430/f91719b509e1533c9290fdb3755d503d.html,77
https://bk.taobao.com/k/hepingjingyingditietaosheng_1474,59
https://bk.taobao.com/k/shoujitaobao_430/ff7f7fc8f27fd92c09a3531715c37b5b.html,77
https://bk.taobao.com/k/laimaojiu_1496,80
https://bk.taobao.com/k/shoujitaobao_430,80
https://bk.taobao.com/k/shoujitaobao_430/list-2.html,80
https://bk.taobao.com/k/shoujitaobao_430/818ae7a27519c7c189005efe973f8c70.html,77
https://bk.taobao.com/k/shoujitaobao_430/list-4.html,81
https://bk.taobao.com/k/shoujitaobao_430/43ab05208e7c8a6ae2a0b6855e9d4b33.html,77
https://bk.taobao.com/k/shoujitaobao_430/e42bcad270a2f35a66ff0f88d010a219.html,77
https://bk.taobao.com/k/yipai008_1487,80
https://bk.taobao.com/k/shoujitaobao_430/list-3.html,80
https://bk.taobao.com/k/douyindiannaoban_1497,79
https://bk.taobao.com/k/hankejiangjiu_1485,80
https://bk.taobao.com/k/shoujitaobao_430/365f784b415fa75d007cd0653a60e516.html,77
https://bk.taobao.com/k/xiapu_1490,80
https://bk.taobao.com/k/qishuiyinle_1493,80
https://bk.taobao.com/k/aianut_1473,59
https://bk.taobao.com/k/shoujitaobao_430/ab2fff251f03553a5496fea84d176c02.html,77
https://bk.taobao.com/k/shoujitaobao_430/d15d8a09501d1b2c94486792cac4cf8c.html,77
https://bk.taobao.com/k/shoujitaobao_430/115f079bb91078f1fa058d72d54f0967.html,77
https://bk.taobao.com/k/rogshouji_1478,59
https://bk.taobao.com/k/shoujitaobao_430/9139e1cdaabd88b687d3d7b614401669.html,77
https://bk.taobao.com/k/doubao_1501,80
https://bk.taobao.com/k/shoujitaobao_430/77f1562aadbbc295d05357b4fffdfec6.html,77
https://bk.taobao.com/k/shoujitaobao_430/38b86f045fb726b6c183a29102a095d1.html,77
https://bk.taobao.com/k/shoujitaobao_430/list-5.html,81
https://bk.taobao.com/k/shoujitaobao_430/7ec0e1c867d10d60e34322cb77ebd3ca.html,77
https://bk.taobao.com/k/shoujitaobao_430/cbcccc11c2b9dfce180993ccc2aa85af.html,77
https://bk.taobao.com/k/shoujitaobao_430/43eecc443b85afcde1a7eca41742ba6a.html,77
https://bk.taobao.com/k/shoujitaobao_430/3e9893f50c03326343b853e286422d8c.html,77
https://bk.taobao.com/k/weixindiannaoban_1498,79
https://bk.taobao.com/k/jianglingyuhu_1489,80
https://bk.taobao.com/k/juliangyinqing_1500,80
https://bk.taobao.com/k/shoujitaobao_430/186838ed5a91197cd256ca475a2abb88.html,77
https://bk.taobao.com/k/nanji_1494,80
https://bk.taobao.com/k/douyinchuangzuozhezhongxin_1499,59
https://bk.taobao.com/k/shoujitaobao_430/976987eaa6adc1aa1e1f95e41ab774b5.html,77
https://bk.taobao.com/k/furidianzi_1475,80
https://bk.taobao.com/k/shoujitaobao_430/f03a1bc9531619f72e014fb668213211.html,77
https://bk.taobao.com/k/2025nian_1479,80
https://bk.taobao.com/k/shoujitaobao_430/5f5e619794ef56d3c651220569867cf1.html,77
https://bk.taobao.com/k/liangpinpuzi_1471,80
https://bk.taobao.com/k/shoujitaobao_430/75b53cc57ce00bafadfba577b9b678b2.html,77
https://bk.taobao.com/k/shoujitaobao_430/424b284454efab42eceb6952ceb4dab0.html,77
https://bk.taobao.com/k/shendundianchi_1488,80
https://bk.taobao.com/k/shoujitaobao_430/2e4453f52fee9bbb47bdc6ce0f894c17.html,77
https://bk.taobao.com/k/wanyuanlaolarou_1495,80
https://bk.taobao.com/k/shoujitaobao_430/10c971d4ba6d4924e20b3b34d0e796a0.html,77
https://bk.taobao.com/k/shoujitaobao_430/66e4252ce577185259456df608522034.html,77
https://bk.taobao.com/k/bentengxiaoma_1484,80
https://bk.taobao.com/k/lingyunshanfengjingqu_1483,80
https://bk.taobao.com/k/shoujitaobao_430/f0372f1777928654fa16cdf3f190731f.html,77
https://bk.taobao.com/k/shoujitaobao_430/list-1.html,80
https://bk.taobao.com/k/geshuijisuanqi_1486,59
https://bk.taobao.com/k/faenshaweiyu_1477,80
https://bk.taobao.com/k/shoujitaobao_430/243e356368cb9fdb1cad0b550d30b71c.html,77
https://bk.taobao.com/k/xueyuan_722,80
https://bk.taobao.com/k/pingguodiannao_1481/list-1.html,79
https://bk.taobao.com/k/jianzaoshi_729,80
https://bk.taobao.com/k/mysql_751,80
https://bk.taobao.com/k/pingguodiannao_1481/4c90a0f35ae51652da3cf34c4f16cfd3.html,77
https://bk.taobao.com/k/pingguodiannao_1481/42cdbbda91acfffe496612e438918926.html,77
https://bk.taobao.com/k/yikao_721,80
https://bk.taobao.com/k/pingguodiannao_1481/list-4.html,79
https://bk.taobao.com/k/pingguodiannao_1481/678b0b75790114adc702a444b53b39ab.html,57
https://bk.taobao.com/k/pingguodiannao_1481/50fa0b10facbc74c69e25b9b373a4058.html,57
https://bk.taobao.com/k/pingguodiannao_1481/e1f2a1061b64af63f2503b2fbbaa8980.html,77
https://bk.taobao.com/k/pingguodiannao_1481/8d4fa66e3fca6a2d5a7275fe604c7601.html,77
https://bk.taobao.com/k/ligong_732,80
